INSERT INTO EXPENDABLE VALUES ('Блок фотобарабана'), ('Тонер картридж'), ('Ролики подачи'), ('Ролики ADF'), ('Узел проявки'), ('Узел термозакрепления'), ('Модуль переноса изображения'), ('Тонерный фильтр'), ('Озоновый фильтр')
INSERT INTO PRINTERMODEL VALUES ('Canon 2016'), ('Canon 2018'), ('Canon 2320'), ('Canon 2420')
INSERT INTO PRINTERMODEL VALUES ('Canon 2520')
INSERT INTO PRINTERMODEL VALUES ('Konika Minolta 227/367')
INSERT INTO EXPENDABLERESOURCE (RESOURCE, EXPENDABLE_NAME, PRINTERMODEL_MODEL) VALUES (55, 'Блок фотобарабана', 'Canon 2016'), (9, 'Тонер картридж', 'Canon 2016'), (150, 'Ролики подачи', 'Canon 2016'), (150, 'Ролики ADF', 'Canon 2016'), (400, 'Узел проявки', 'Canon 2016'), (500, 'Узел термозакрепления', 'Canon 2016')
INSERT INTO EXPENDABLERESOURCE (RESOURCE, EXPENDABLE_NAME, PRINTERMODEL_MODEL) VALUES (55, 'Блок фотобарабана', 'Canon 2018'), (9, 'Тонер картридж', 'Canon 2018'), (150, 'Ролики подачи', 'Canon 2018'), (150, 'Ролики ADF', 'Canon 2018'), (400, 'Узел проявки', 'Canon 2018'), (500, 'Узел термозакрепления', 'Canon 2018')
INSERT INTO EXPENDABLERESOURCE (RESOURCE, EXPENDABLE_NAME, PRINTERMODEL_MODEL) VALUES (55, 'Блок фотобарабана', 'Canon 2320'), (9, 'Тонер картридж', 'Canon 2320'), (150, 'Ролики подачи', 'Canon 2320'), (150, 'Ролики ADF', 'Canon 2320'), (400, 'Узел проявки', 'Canon 2320'), (500, 'Узел термозакрепления', 'Canon 2320')
INSERT INTO EXPENDABLERESOURCE (RESOURCE, EXPENDABLE_NAME, PRINTERMODEL_MODEL) VALUES (55, 'Блок фотобарабана', 'Canon 2420'), (9, 'Тонер картридж', 'Canon 2420'), (150, 'Ролики подачи', 'Canon 2420'), (150, 'Ролики ADF', 'Canon 2420'), (400, 'Узел проявки', 'Canon 2420'), (500, 'Узел термозакрепления', 'Canon 2420')
INSERT INTO EXPENDABLERESOURCE (RESOURCE, EXPENDABLE_NAME, PRINTERMODEL_MODEL) VALUES (140, 'Блок фотобарабана', 'Canon 2520'), (14, 'Тонер картридж', 'Canon 2520'), (150, 'Ролики подачи', 'Canon 2520'), (150, 'Ролики ADF', 'Canon 2520'), (600, 'Узел проявки', 'Canon 2520'), (500, 'Узел термозакрепления', 'Canon 2520')
INSERT INTO EXPENDABLERESOURCE (RESOURCE, EXPENDABLE_NAME, PRINTERMODEL_MODEL) VALUES (110, 'Блок фотобарабана', 'Konika Minolta 227/367'), (23, 'Тонер картридж', 'Konika Minolta 227/367'), (300, 'Ролики подачи', 'Konika Minolta 227/367'), (300, 'Ролики ADF', 'Konika Minolta 227/367'), (600, 'Узел проявки', 'Konika Minolta 227/367'), (400, 'Узел термозакрепления', 'Konika Minolta 227/367'), (150, 'Модуль переноса изображения', 'Konika Minolta 227/367'), (150, 'Тонерный фильтр', 'Konika Minolta 227/367'), (150, 'Озоновый фильтр', 'Konika Minolta 227/367')  